year,total_points,avg_points_per_race,points_std,avg_race_position,avg_grid,wins,podiums,dnfs,points_diff,points_pct_change,points_ma2,wins_ma2,improving,consecutive_improvements,reliability_score,aero_efficiency,power_unit,strategy_effectiveness,development_pace,driver_skill,race_pace_index,car_competitiveness,team_performance,points_per_race,podium_rate,dnf_rate,win_rate,points_lag1,position_lag1,wins_lag1,points_lag2,position_lag2,wins_lag2
2019,121.0,12.1,2.3781411975649296,4.2,3.7,0.0,3,0.0,-66.0,-0.5454545454545454,121.0,0.0,0,0,72,85,78,75,80,88,232.2,78.35,80.82000000000001,5.041666666666667,0.0625,0.0,0.0,121.0,4.2,0.0,121.0,4.2,0.0
2020,55.0,5.5,7.121953539740499,9.7,8.6,0.0,2,4.0,-66.0,-0.5454545454545454,88.0,0.0,0,0,55,70,65,60,50,85,164.0,63.25,65.65,2.2916666666666665,0.041666666666666664,0.08333333333333333,0.0,121.0,4.2,0.0,121.0,4.2,0.0
2021,78.0,7.8,5.6134758493389025,7.3,5.5,0.0,1,1.0,23.0,0.4181818181818182,66.5,0.0,1,1,68,75,72,70,65,87,192.6,71.64999999999999,74.17999999999999,3.25,0.020833333333333332,0.020833333333333332,0.0,55.0,9.7,0.0,121.0,4.2,0.0
2022,145.0,14.5,9.264628073124866,6.0,2.8,2.0,7,2.0,67.0,0.858974358974359,111.5,1.0,1,2,78,88,82,80,85,89,249.0,82.69999999999999,84.49000000000001,6.041666666666667,0.14583333333333334,0.041666666666666664,0.08333333333333333,78.0,7.3,0.0,55.0,9.7,0.0
2023,67.0,6.7,5.334374898294603,8.8,5.0,0.0,1,2.0,-78.0,-0.5379310344827586,106.0,1.0,0,0,66,82,80,68,70,90,175.4,75.8,76.66,2.7916666666666665,0.020833333333333332,0.041666666666666664,0.0,145.0,6.0,2.0,78.0,7.3,0.0
2024,142.0,14.2,5.202563470700445,3.6,5.0,1.0,5,0.0,75.0,1.1194029850746268,104.5,0.5,1,1,85,85,82,75,79,93,257.4,84.1,83.22,5.916666666666667,0.10416666666666667,0.0,0.041666666666666664,67.0,8.8,0.0,145.0,6.0,2.0
2025,66.0,6.6,5.440588203494177,8.5,6.0,0.0,1,2.0,-76.0,-0.5352112676056338,104.0,0.5,0,0,82,78,80,72,68,94,178.2,80.0,79.2,2.75,0.020833333333333332,0.041666666666666664,0.0,142.0,3.6,1.0,67.0,8.8,0.0
